<?xml version="1.0" encoding="UTF-8"?>
<!DOCTYPE suite SYSTEM "http://testng.org/testng-1.0.dtd">
<suite name="Suite">
  <test thread-count="5" name="Test">
    <classes>
      <class name="com.SelConcepts.Action"/>
      <class name="com.SelConcepts.Test5"/>
      <class name="com.SelConcepts.Test4"/>
      <class name="com.SelConcepts.Test6"/>
      <class name="com.SelConcepts.msnOneNoteAndSkype"/>
      <class name="com.SelConcepts.CheckNewsLink"/>
    </classes>
  </test> <!-- Test -->
</suite> <!-- Suite -->
